{"cameraMode":{"drawMode":0,"name":"Shaded","section":"Shading Mode"},"sceneLighting":false,"audioPlay":false,"sceneViewState":{"showFog":true,"showMaterialUpdate":false,"showSkybox":false,"showFlares":true,"showImageEffects":true,"showParticleSystems":true},"in2DMode":false,"pivot":{"x":2.559162139892578,"y":0.715301513671875,"z":1.4180831909179688},"rotation":{"x":0.23454566299915315,"y":0.5463628172874451,"z":-0.16274403035640717,"w":0.7874121069908142},"size":0.17320504784584046,"orthographic":false}