{"cameraMode":{"drawMode":0,"name":"Shaded","section":"Shading Mode"},"sceneLighting":true,"audioPlay":false,"sceneViewState":{"showFog":true,"showMaterialUpdate":false,"showSkybox":true,"showFlares":true,"showImageEffects":true,"showParticleSystems":true},"in2DMode":false,"pivot":{"x":-0.0765838772058487,"y":-0.4058160185813904,"z":2.0461673736572267},"rotation":{"x":0.35473185777664187,"y":0.2445547878742218,"z":-0.09668847918510437,"w":0.8972381949424744},"size":4.466025352478027,"orthographic":false}